run_id,ts_ms,event_type,frame_id,participant_id,lighting,background,distance_m,gesture_true,gesture_pred,confidence,stable_ms,threshold,command_sent,command_block_reason,drone_state,battery_pct,height_cm,command_ts_ms,ack_ts_ms,drone_motion_ts_ms,e2e_latency_ms,notes
20260329_231938,1774844381110,frame,0,P1,normal,clean,0.5,,none,0.0,0,0.8,none,no_command,,,,,,,,
20260329_231938,1774844382262,frame,1,P1,normal,clean,0.5,,none,0.0,1152,0.8,none,no_command,,,,,,,,
20260329_231938,1774844382288,frame,2,P1,normal,clean,0.5,,none,0.0,1178,0.8,none,no_command,,,,,,,,
20260329_231938,1774844382320,frame,3,P1,normal,clean,0.5,,none,0.0,1210,0.8,none,no_command,,,,,,,,
20260329_231938,1774844382353,frame,4,P1,normal,clean,0.5,,none,0.0,1243,0.8,none,no_command,,,,,,,,
20260329_231938,1774844382384,frame,5,P1,normal,clean,0.5,,none,0.0,1274,0.8,none,no_command,,,,,,,,
20260329_231938,1774844382416,frame,6,P1,normal,clean,0.5,,none,0.0,1306,0.8,none,no_command,,,,,,,,
20260329_231938,1774844382448,frame,7,P1,normal,clean,0.5,,none,0.0,1338,0.8,none,no_command,,,,,,,,
20260329_231938,1774844382480,frame,8,P1,normal,clean,0.5,,none,0.0,1370,0.8,none,no_command,,,,,,,,
20260329_231938,1774844382512,frame,9,P1,normal,clean,0.5,,none,0.0,1402,0.8,none,no_command,,,,,,,,
20260329_231938,1774844382560,frame,10,P1,normal,clean,0.5,,none,0.0,1450,0.8,none,no_command,,,,,,,,
20260329_231938,1774844382592,frame,11,P1,normal,clean,0.5,,none,0.0,1482,0.8,none,no_command,,,,,,,,
20260329_231938,1774844382624,frame,12,P1,normal,clean,0.5,,none,0.0,1514,0.8,none,no_command,,,,,,,,
20260329_231938,1774844382656,frame,13,P1,normal,clean,0.5,,none,0.0,1546,0.8,none,no_command,,,,,,,,
20260329_231938,1774844382688,frame,14,P1,normal,clean,0.5,,none,0.0,1578,0.8,none,no_command,,,,,,,,
20260329_231938,1774844382720,frame,15,P1,normal,clean,0.5,,none,0.0,1610,0.8,none,no_command,,,,,,,,
20260329_231938,1774844382751,frame,16,P1,normal,clean,0.5,,none,0.0,1641,0.8,none,no_command,,,,,,,,
20260329_231938,1774844382783,frame,17,P1,normal,clean,0.5,,none,0.0,1673,0.8,none,no_command,,,,,,,,
20260329_231938,1774844382816,frame,18,P1,normal,clean,0.5,,none,0.0,1706,0.8,none,no_command,,,,,,,,
20260329_231938,1774844382848,frame,19,P1,normal,clean,0.5,,none,0.0,1738,0.8,none,no_command,,,,,,,,
20260329_231938,1774844382880,frame,20,P1,normal,clean,0.5,,none,0.0,1770,0.8,none,no_command,,,,,,,,
20260329_231938,1774844382911,frame,21,P1,normal,clean,0.5,,none,0.0,1801,0.8,none,no_command,,,,,,,,
20260329_231938,1774844382959,frame,22,P1,normal,clean,0.5,,none,0.0,1849,0.8,none,no_command,,,,,,,,
20260329_231938,1774844382992,frame,23,P1,normal,clean,0.5,,none,0.0,1882,0.8,none,no_command,,,,,,,,
20260329_231938,1774844383024,frame,24,P1,normal,clean,0.5,,none,0.0,1914,0.8,none,no_command,,,,,,,,
20260329_231938,1774844383056,frame,25,P1,normal,clean,0.5,,none,0.0,1946,0.8,none,no_command,,,,,,,,
20260329_231938,1774844383087,frame,26,P1,normal,clean,0.5,,none,0.0,1977,0.8,none,no_command,,,,,,,,
20260329_231938,1774844383119,frame,27,P1,normal,clean,0.5,,none,0.0,2009,0.8,none,no_command,,,,,,,,
20260329_231938,1774844383152,frame,28,P1,normal,clean,0.5,,none,0.0,2042,0.8,none,no_command,,,,,,,,
20260329_231938,1774844383185,frame,29,P1,normal,clean,0.5,,none,0.0,2075,0.8,none,no_command,,,,,,,,
20260329_231938,1774844383216,frame,30,P1,normal,clean,0.5,,none,0.0,2106,0.8,none,no_command,,,,,,,,
20260329_231938,1774844383247,frame,31,P1,normal,clean,0.5,,none,0.0,2137,0.8,none,no_command,,,,,,,,
20260329_231938,1774844383280,frame,32,P1,normal,clean,0.5,,none,0.0,2170,0.8,none,no_command,,,,,,,,
20260329_231938,1774844383312,frame,33,P1,normal,clean,0.5,,none,0.0,2202,0.8,none,no_command,,,,,,,,
20260329_231938,1774844383360,frame,34,P1,normal,clean,0.5,,none,0.0,2250,0.8,none,no_command,,,,,,,,
20260329_231938,1774844383392,frame,35,P1,normal,clean,0.5,,none,0.0,2282,0.8,none,no_command,,,,,,,,
20260329_231938,1774844383424,frame,36,P1,normal,clean,0.5,,none,0.0,2314,0.8,none,no_command,,,,,,,,
20260329_231938,1774844383456,frame,37,P1,normal,clean,0.5,,none,0.0,2346,0.8,none,no_command,,,,,,,,
20260329_231938,1774844383488,frame,38,P1,normal,clean,0.5,,none,0.0,2378,0.8,none,no_command,,,,,,,,
20260329_231938,1774844383519,frame,39,P1,normal,clean,0.5,,none,0.0,2409,0.8,none,no_command,,,,,,,,
20260329_231938,1774844383551,frame,40,P1,normal,clean,0.5,,none,0.0,2441,0.8,none,no_command,,,,,,,,
20260329_231938,1774844383583,frame,41,P1,normal,clean,0.5,,none,0.0,2473,0.8,none,no_command,,,,,,,,
20260329_231938,1774844383616,frame,42,P1,normal,clean,0.5,,none,0.0,2506,0.8,none,no_command,,,,,,,,
20260329_231938,1774844383648,frame,43,P1,normal,clean,0.5,,none,0.0,2538,0.8,none,no_command,,,,,,,,
20260329_231938,1774844383680,frame,44,P1,normal,clean,0.5,,none,0.0,2570,0.8,none,no_command,,,,,,,,
20260329_231938,1774844383712,frame,45,P1,normal,clean,0.5,,none,0.0,2602,0.8,none,no_command,,,,,,,,
20260329_231938,1774844383763,frame,46,P1,normal,clean,0.5,,none,0.0,2653,0.8,none,no_command,,,,,,,,
20260329_231938,1774844383793,frame,47,P1,normal,clean,0.5,,none,0.0,2683,0.8,none,no_command,,,,,,,,
20260329_231938,1774844383824,frame,48,P1,normal,clean,0.5,,none,0.0,2714,0.8,none,no_command,,,,,,,,
20260329_231938,1774844383870,frame,49,P1,normal,clean,0.5,,none,0.0,2760,0.8,none,no_command,,,,,,,,
20260329_231938,1774844383902,frame,50,P1,normal,clean,0.5,,none,0.0,2792,0.8,none,no_command,,,,,,,,
20260329_231938,1774844383933,frame,51,P1,normal,clean,0.5,,none,0.0,2823,0.8,none,no_command,,,,,,,,
20260329_231938,1774844383965,frame,52,P1,normal,clean,0.5,,none,0.0,2855,0.8,none,no_command,,,,,,,,
20260329_231938,1774844383997,frame,53,P1,normal,clean,0.5,,none,0.0,2887,0.8,none,no_command,,,,,,,,
20260329_231938,1774844384027,frame,54,P1,normal,clean,0.5,,none,0.0,2917,0.8,none,no_command,,,,,,,,
20260329_231938,1774844384058,frame,55,P1,normal,clean,0.5,,none,0.0,2948,0.8,none,no_command,,,,,,,,
20260329_231938,1774844384090,frame,56,P1,normal,clean,0.5,,none,0.0,2980,0.8,none,no_command,,,,,,,,
20260329_231938,1774844384121,frame,57,P1,normal,clean,0.5,,none,0.0,3011,0.8,none,no_command,,,,,,,,
20260329_231938,1774844384168,frame,58,P1,normal,clean,0.5,,none,0.0,3058,0.8,none,no_command,,,,,,,,
20260329_231938,1774844384198,frame,59,P1,normal,clean,0.5,,none,0.0,3088,0.8,none,no_command,,,,,,,,
20260329_231938,1774844384229,frame,60,P1,normal,clean,0.5,,none,0.0,3119,0.8,none,no_command,,,,,,,,
20260329_231938,1774844384261,frame,61,P1,normal,clean,0.5,,none,0.0,3151,0.8,none,no_command,,,,,,,,
20260329_231938,1774844384293,frame,62,P1,normal,clean,0.5,,none,0.0,3183,0.8,none,no_command,,,,,,,,
20260329_231938,1774844384324,frame,63,P1,normal,clean,0.5,,none,0.0,3214,0.8,none,no_command,,,,,,,,
20260329_231938,1774844384355,frame,64,P1,normal,clean,0.5,,none,0.0,3245,0.8,none,no_command,,,,,,,,
20260329_231938,1774844384387,frame,65,P1,normal,clean,0.5,,none,0.0,3277,0.8,none,no_command,,,,,,,,
20260329_231938,1774844384419,frame,66,P1,normal,clean,0.5,,none,0.0,3309,0.8,none,no_command,,,,,,,,
20260329_231938,1774844384450,frame,67,P1,normal,clean,0.5,,none,0.0,3340,0.8,none,no_command,,,,,,,,
20260329_231938,1774844384482,frame,68,P1,normal,clean,0.5,,none,0.0,3372,0.8,none,no_command,,,,,,,,
20260329_231938,1774844384513,frame,69,P1,normal,clean,0.5,,none,0.0,3403,0.8,none,no_command,,,,,,,,
20260329_231938,1774844384560,frame,70,P1,normal,clean,0.5,,none,0.0,3450,0.8,none,no_command,,,,,,,,
20260329_231938,1774844384597,frame,71,P1,normal,clean,0.5,,none,0.0,3487,0.8,none,no_command,,,,,,,,
20260329_231938,1774844384638,frame,72,P1,normal,clean,0.5,,none,0.0,3528,0.8,none,no_command,,,,,,,,
20260329_231938,1774844384668,frame,73,P1,normal,clean,0.5,,none,0.0,3558,0.8,none,no_command,,,,,,,,
20260329_231938,1774844384699,frame,74,P1,normal,clean,0.5,,none,0.0,3589,0.8,none,no_command,,,,,,,,
20260329_231938,1774844384731,frame,75,P1,normal,clean,0.5,,none,0.0,3621,0.8,none,no_command,,,,,,,,
20260329_231938,1774844384762,frame,76,P1,normal,clean,0.5,,none,0.0,3652,0.8,none,no_command,,,,,,,,
20260329_231938,1774844384792,frame,77,P1,normal,clean,0.5,,none,0.0,3682,0.8,none,no_command,,,,,,,,
20260329_231938,1774844384822,frame,78,P1,normal,clean,0.5,,none,0.0,3712,0.8,none,no_command,,,,,,,,
20260329_231938,1774844384854,frame,79,P1,normal,clean,0.5,,none,0.0,3744,0.8,none,no_command,,,,,,,,
20260329_231938,1774844384886,frame,80,P1,normal,clean,0.5,,none,0.0,3776,0.8,none,no_command,,,,,,,,
20260329_231938,1774844384917,frame,81,P1,normal,clean,0.5,,none,0.0,3807,0.8,none,no_command,,,,,,,,
20260329_231938,1774844384962,frame,82,P1,normal,clean,0.5,,none,0.0,3852,0.8,none,no_command,,,,,,,,
20260329_231938,1774844384992,frame,83,P1,normal,clean,0.5,,none,0.0,3882,0.8,none,no_command,,,,,,,,
20260329_231938,1774844385038,frame,84,P1,normal,clean,0.5,,none,0.0,3928,0.8,none,no_command,,,,,,,,
20260329_231938,1774844385069,frame,85,P1,normal,clean,0.5,,none,0.0,3959,0.8,none,no_command,,,,,,,,
20260329_231938,1774844385100,frame,86,P1,normal,clean,0.5,,none,0.0,3990,0.8,none,no_command,,,,,,,,
20260329_231938,1774844385131,frame,87,P1,normal,clean,0.5,,none,0.0,4021,0.8,none,no_command,,,,,,,,
20260329_231938,1774844385161,frame,88,P1,normal,clean,0.5,,none,0.0,4051,0.8,none,no_command,,,,,,,,
20260329_231938,1774844385192,frame,89,P1,normal,clean,0.5,,none,0.0,4082,0.8,none,no_command,,,,,,,,
20260329_231938,1774844385224,frame,90,P1,normal,clean,0.5,,none,0.0,4114,0.8,none,no_command,,,,,,,,
20260329_231938,1774844385254,frame,91,P1,normal,clean,0.5,,none,0.0,4144,0.8,none,no_command,,,,,,,,
20260329_231938,1774844385286,frame,92,P1,normal,clean,0.5,,none,0.0,4176,0.8,none,no_command,,,,,,,,
20260329_231938,1774844385317,frame,93,P1,normal,clean,0.5,,none,0.0,4207,0.8,none,no_command,,,,,,,,
20260329_231938,1774844385365,frame,94,P1,normal,clean,0.5,,none,0.0,4255,0.8,none,no_command,,,,,,,,
20260329_231938,1774844385397,frame,95,P1,normal,clean,0.5,,none,0.0,4287,0.8,none,no_command,,,,,,,,
20260329_231938,1774844385427,frame,96,P1,normal,clean,0.5,,none,0.0,4317,0.8,none,no_command,,,,,,,,
20260329_231938,1774844385458,frame,97,P1,normal,clean,0.5,,none,0.0,4348,0.8,none,no_command,,,,,,,,
20260329_231938,1774844385490,frame,98,P1,normal,clean,0.5,,none,0.0,4380,0.8,none,no_command,,,,,,,,
20260329_231938,1774844385520,frame,99,P1,normal,clean,0.5,,none,0.0,4410,0.8,none,no_command,,,,,,,,
20260329_231938,1774844385566,frame,100,P1,normal,clean,0.5,,none,0.0,4456,0.8,none,no_command,,,,,,,,
20260329_231938,1774844385597,frame,101,P1,normal,clean,0.5,,none,0.0,4487,0.8,none,no_command,,,,,,,,
20260329_231938,1774844385628,frame,102,P1,normal,clean,0.5,,none,0.0,4518,0.8,none,no_command,,,,,,,,
20260329_231938,1774844385660,frame,103,P1,normal,clean,0.5,,none,0.0,4550,0.8,none,no_command,,,,,,,,
20260329_231938,1774844385691,frame,104,P1,normal,clean,0.5,,none,0.0,4581,0.8,none,no_command,,,,,,,,
20260329_231938,1774844385723,frame,105,P1,normal,clean,0.5,,none,0.0,4613,0.8,none,no_command,,,,,,,,
20260329_231938,1774844385770,frame,106,P1,normal,clean,0.5,,none,0.0,4660,0.8,none,no_command,,,,,,,,
20260329_231938,1774844385801,frame,107,P1,normal,clean,0.5,,none,0.0,4691,0.8,none,no_command,,,,,,,,
20260329_231938,1774844385833,frame,108,P1,normal,clean,0.5,,none,0.0,4723,0.8,none,no_command,,,,,,,,
20260329_231938,1774844385865,frame,109,P1,normal,clean,0.5,,none,0.0,4755,0.8,none,no_command,,,,,,,,
20260329_231938,1774844385897,frame,110,P1,normal,clean,0.5,,none,0.0,4787,0.8,none,no_command,,,,,,,,
20260329_231938,1774844385927,frame,111,P1,normal,clean,0.5,,none,0.0,4817,0.8,none,no_command,,,,,,,,
20260329_231938,1774844385959,frame,112,P1,normal,clean,0.5,,none,0.0,4849,0.8,none,no_command,,,,,,,,
20260329_231938,1774844385991,frame,113,P1,normal,clean,0.5,,none,0.0,4881,0.8,none,no_command,,,,,,,,
20260329_231938,1774844386021,frame,114,P1,normal,clean,0.5,,none,0.0,4911,0.8,none,no_command,,,,,,,,
20260329_231938,1774844386052,frame,115,P1,normal,clean,0.5,,none,0.0,4942,0.8,none,no_command,,,,,,,,
20260329_231938,1774844386083,frame,116,P1,normal,clean,0.5,,none,0.0,4973,0.8,none,no_command,,,,,,,,
20260329_231938,1774844386115,frame,117,P1,normal,clean,0.5,,none,0.0,5005,0.8,none,no_command,,,,,,,,
20260329_231938,1774844386176,frame,118,P1,normal,clean,0.5,,none,0.0,5066,0.8,none,no_command,,,,,,,,
20260329_231938,1774844386191,frame,119,P1,normal,clean,0.5,,none,0.0,5081,0.8,none,no_command,,,,,,,,
20260329_231938,1774844386224,frame,120,P1,normal,clean,0.5,,none,0.0,5114,0.8,none,no_command,,,,,,,,
20260329_231938,1774844386256,frame,121,P1,normal,clean,0.5,,none,0.0,5146,0.8,none,no_command,,,,,,,,
20260329_231938,1774844386288,frame,122,P1,normal,clean,0.5,,none,0.0,5178,0.8,none,no_command,,,,,,,,
20260329_231938,1774844386320,frame,123,P1,normal,clean,0.5,,none,0.0,5210,0.8,none,no_command,,,,,,,,
20260329_231938,1774844386351,frame,124,P1,normal,clean,0.5,,none,0.0,5241,0.8,none,no_command,,,,,,,,
20260329_231938,1774844386383,frame,125,P1,normal,clean,0.5,,none,0.0,5273,0.8,none,no_command,,,,,,,,
20260329_231938,1774844386431,frame,126,P1,normal,clean,0.5,,none,0.0,5321,0.8,none,no_command,,,,,,,,
20260329_231938,1774844386462,frame,127,P1,normal,clean,0.5,,none,0.0,5352,0.8,none,no_command,,,,,,,,
20260329_231938,1774844386494,frame,128,P1,normal,clean,0.5,,none,0.0,5384,0.8,none,no_command,,,,,,,,
20260329_231938,1774844386523,frame,129,P1,normal,clean,0.5,,none,0.0,5413,0.8,none,no_command,,,,,,,,
20260329_231938,1774844386570,frame,130,P1,normal,clean,0.5,,none,0.0,5460,0.8,none,no_command,,,,,,,,
20260329_231938,1774844386601,frame,131,P1,normal,clean,0.5,,none,0.0,5491,0.8,none,no_command,,,,,,,,
20260329_231938,1774844386633,frame,132,P1,normal,clean,0.5,,none,0.0,5523,0.8,none,no_command,,,,,,,,
20260329_231938,1774844386664,frame,133,P1,normal,clean,0.5,,none,0.0,5554,0.8,none,no_command,,,,,,,,
20260329_231938,1774844386694,frame,134,P1,normal,clean,0.5,,none,0.0,5584,0.8,none,no_command,,,,,,,,
20260329_231938,1774844386725,frame,135,P1,normal,clean,0.5,,none,0.0,5615,0.8,none,no_command,,,,,,,,
20260329_231938,1774844386756,frame,136,P1,normal,clean,0.5,,none,0.0,5646,0.8,none,no_command,,,,,,,,
20260329_231938,1774844386787,frame,137,P1,normal,clean,0.5,,none,0.0,5677,0.8,none,no_command,,,,,,,,
20260329_231938,1774844386818,frame,138,P1,normal,clean,0.5,,none,0.0,5708,0.8,none,no_command,,,,,,,,
20260329_231938,1774844386866,frame,139,P1,normal,clean,0.5,,none,0.0,5756,0.8,none,no_command,,,,,,,,
20260329_231938,1774844386897,frame,140,P1,normal,clean,0.5,,none,0.0,5787,0.8,none,no_command,,,,,,,,
20260329_231938,1774844386929,frame,141,P1,normal,clean,0.5,,none,0.0,5819,0.8,none,no_command,,,,,,,,
20260329_231938,1774844386975,frame,142,P1,normal,clean,0.5,,none,0.0,5865,0.8,none,no_command,,,,,,,,
20260329_231938,1774844387006,frame,143,P1,normal,clean,0.5,,none,0.0,5896,0.8,none,no_command,,,,,,,,
20260329_231938,1774844387037,frame,144,P1,normal,clean,0.5,,none,0.0,5927,0.8,none,no_command,,,,,,,,
20260329_231938,1774844387066,frame,145,P1,normal,clean,0.5,,none,0.0,5956,0.8,none,no_command,,,,,,,,
20260329_231938,1774844387098,frame,146,P1,normal,clean,0.5,,none,0.0,5988,0.8,none,no_command,,,,,,,,
20260329_231938,1774844387128,frame,147,P1,normal,clean,0.5,,none,0.0,6018,0.8,none,no_command,,,,,,,,
20260329_231938,1774844387160,frame,148,P1,normal,clean,0.5,,none,0.0,6050,0.8,none,no_command,,,,,,,,
20260329_231938,1774844387191,frame,149,P1,normal,clean,0.5,,none,0.0,6081,0.8,none,no_command,,,,,,,,
20260329_231938,1774844387224,frame,150,P1,normal,clean,0.5,,none,0.0,6114,0.8,none,no_command,,,,,,,,
20260329_231938,1774844387254,frame,151,P1,normal,clean,0.5,,none,0.0,6144,0.8,none,no_command,,,,,,,,
20260329_231938,1774844387285,frame,152,P1,normal,clean,0.5,,none,0.0,6175,0.8,none,no_command,,,,,,,,
20260329_231938,1774844387317,frame,153,P1,normal,clean,0.5,,none,0.0,6207,0.8,none,no_command,,,,,,,,
20260329_231938,1774844387364,frame,154,P1,normal,clean,0.5,,none,0.0,6254,0.8,none,no_command,,,,,,,,
20260329_231938,1774844387396,frame,155,P1,normal,clean,0.5,,none,0.0,6286,0.8,none,no_command,,,,,,,,
20260329_231938,1774844387427,frame,156,P1,normal,clean,0.5,,none,0.0,6317,0.8,none,no_command,,,,,,,,
20260329_231938,1774844387458,frame,157,P1,normal,clean,0.5,,none,0.0,6348,0.8,none,no_command,,,,,,,,
20260329_231938,1774844387489,frame,158,P1,normal,clean,0.5,,none,0.0,6379,0.8,none,no_command,,,,,,,,
20260329_231938,1774844387521,frame,159,P1,normal,clean,0.5,,none,0.0,6411,0.8,none,no_command,,,,,,,,
20260329_231938,1774844387566,frame,160,P1,normal,clean,0.5,,none,0.0,6456,0.8,none,no_command,,,,,,,,
20260329_231938,1774844387597,frame,161,P1,normal,clean,0.5,,none,0.0,6487,0.8,none,no_command,,,,,,,,
20260329_231938,1774844387628,frame,162,P1,normal,clean,0.5,,none,0.0,6518,0.8,none,no_command,,,,,,,,
20260329_231938,1774844387659,frame,163,P1,normal,clean,0.5,,none,0.0,6549,0.8,none,no_command,,,,,,,,
20260329_231938,1774844387691,frame,164,P1,normal,clean,0.5,,none,0.0,6581,0.8,none,no_command,,,,,,,,
20260329_231938,1774844387722,frame,165,P1,normal,clean,0.5,,none,0.0,6612,0.8,none,no_command,,,,,,,,
20260329_231938,1774844387769,frame,166,P1,normal,clean,0.5,,none,0.0,6659,0.8,none,no_command,,,,,,,,
20260329_231938,1774844387801,frame,167,P1,normal,clean,0.5,,none,0.0,6691,0.8,none,no_command,,,,,,,,
20260329_231938,1774844387831,frame,168,P1,normal,clean,0.5,,none,0.0,6721,0.8,none,no_command,,,,,,,,
20260329_231938,1774844387862,frame,169,P1,normal,clean,0.5,,none,0.0,6752,0.8,none,no_command,,,,,,,,
20260329_231938,1774844387893,frame,170,P1,normal,clean,0.5,,none,0.0,6783,0.8,none,no_command,,,,,,,,
20260329_231938,1774844387925,frame,171,P1,normal,clean,0.5,,none,0.0,6815,0.8,none,no_command,,,,,,,,
20260329_231938,1774844387956,frame,172,P1,normal,clean,0.5,,none,0.0,6846,0.8,none,no_command,,,,,,,,
20260329_231938,1774844387988,frame,173,P1,normal,clean,0.5,,none,0.0,6878,0.8,none,no_command,,,,,,,,
20260329_231938,1774844388020,frame,174,P1,normal,clean,0.5,,none,0.0,6910,0.8,none,no_command,,,,,,,,
20260329_231938,1774844388051,frame,175,P1,normal,clean,0.5,,none,0.0,6941,0.8,none,no_command,,,,,,,,
20260329_231938,1774844388082,frame,176,P1,normal,clean,0.5,,none,0.0,6972,0.8,none,no_command,,,,,,,,
20260329_231938,1774844388112,frame,177,P1,normal,clean,0.5,,none,0.0,7002,0.8,none,no_command,,,,,,,,
20260329_231938,1774844388159,frame,178,P1,normal,clean,0.5,,none,0.0,7049,0.8,none,no_command,,,,,,,,
20260329_231938,1774844388206,frame,179,P1,normal,clean,0.5,,none,0.0,7096,0.8,none,no_command,,,,,,,,
20260329_231938,1774844388237,frame,180,P1,normal,clean,0.5,,none,0.0,7127,0.8,none,no_command,,,,,,,,
20260329_231938,1774844388269,frame,181,P1,normal,clean,0.5,,none,0.0,7159,0.8,none,no_command,,,,,,,,
20260329_231938,1774844388299,frame,182,P1,normal,clean,0.5,,none,0.0,7189,0.8,none,no_command,,,,,,,,
20260329_231938,1774844388331,frame,183,P1,normal,clean,0.5,,none,0.0,7221,0.8,none,no_command,,,,,,,,
20260329_231938,1774844388363,frame,184,P1,normal,clean,0.5,,none,0.0,7253,0.8,none,no_command,,,,,,,,
20260329_231938,1774844388394,frame,185,P1,normal,clean,0.5,,none,0.0,7284,0.8,none,no_command,,,,,,,,
20260329_231938,1774844388425,frame,186,P1,normal,clean,0.5,,none,0.0,7315,0.8,none,no_command,,,,,,,,
20260329_231938,1774844388456,frame,187,P1,normal,clean,0.5,,none,0.0,7346,0.8,none,no_command,,,,,,,,
20260329_231938,1774844388487,frame,188,P1,normal,clean,0.5,,none,0.0,7377,0.8,none,no_command,,,,,,,,
20260329_231938,1774844388517,frame,189,P1,normal,clean,0.5,,none,0.0,7407,0.8,none,no_command,,,,,,,,
20260329_231938,1774844388564,frame,190,P1,normal,clean,0.5,,none,0.0,7454,0.8,none,no_command,,,,,,,,
20260329_231938,1774844388595,frame,191,P1,normal,clean,0.5,,none,0.0,7485,0.8,none,no_command,,,,,,,,
20260329_231938,1774844388627,frame,192,P1,normal,clean,0.5,,none,0.0,7517,0.8,none,no_command,,,,,,,,
20260329_231938,1774844388656,frame,193,P1,normal,clean,0.5,,none,0.0,7546,0.8,none,no_command,,,,,,,,
20260329_231938,1774844388693,frame,194,P1,normal,clean,0.5,,none,0.0,7583,0.8,none,no_command,,,,,,,,
20260329_231938,1774844388720,frame,195,P1,normal,clean,0.5,,none,0.0,7610,0.8,none,no_command,,,,,,,,
20260329_231938,1774844388753,frame,196,P1,normal,clean,0.5,,none,0.0,7643,0.8,none,no_command,,,,,,,,
20260329_231938,1774844388784,frame,197,P1,normal,clean,0.5,,none,0.0,7674,0.8,none,no_command,,,,,,,,
20260329_231938,1774844388830,frame,198,P1,normal,clean,0.5,,none,0.0,7720,0.8,none,no_command,,,,,,,,
20260329_231938,1774844388860,frame,199,P1,normal,clean,0.5,,none,0.0,7750,0.8,none,no_command,,,,,,,,
20260329_231938,1774844388891,frame,200,P1,normal,clean,0.5,,none,0.0,7781,0.8,none,no_command,,,,,,,,
20260329_231938,1774844388921,frame,201,P1,normal,clean,0.5,,none,0.0,7811,0.8,none,no_command,,,,,,,,
20260329_231938,1774844388969,frame,202,P1,normal,clean,0.5,,none,0.0,7859,0.8,none,no_command,,,,,,,,
20260329_231938,1774844388999,frame,203,P1,normal,clean,0.5,,none,0.0,7889,0.8,none,no_command,,,,,,,,
20260329_231938,1774844389030,frame,204,P1,normal,clean,0.5,,none,0.0,7920,0.8,none,no_command,,,,,,,,
20260329_231938,1774844389060,frame,205,P1,normal,clean,0.5,,none,0.0,7950,0.8,none,no_command,,,,,,,,
20260329_231938,1774844389092,frame,206,P1,normal,clean,0.5,,none,0.0,7982,0.8,none,no_command,,,,,,,,
20260329_231938,1774844389124,frame,207,P1,normal,clean,0.5,,none,0.0,8014,0.8,none,no_command,,,,,,,,
20260329_231938,1774844389155,frame,208,P1,normal,clean,0.5,,none,0.0,8045,0.8,none,no_command,,,,,,,,
20260329_231938,1774844389187,frame,209,P1,normal,clean,0.5,,none,0.0,8077,0.8,none,no_command,,,,,,,,
20260329_231938,1774844389218,frame,210,P1,normal,clean,0.5,,none,0.0,8108,0.8,none,no_command,,,,,,,,
20260329_231938,1774844389248,frame,211,P1,normal,clean,0.5,,none,0.0,8138,0.8,none,no_command,,,,,,,,
20260329_231938,1774844389297,frame,212,P1,normal,clean,0.5,,none,0.0,8187,0.8,none,no_command,,,,,,,,
20260329_231938,1774844389327,frame,213,P1,normal,clean,0.5,,none,0.0,8217,0.8,none,no_command,,,,,,,,
20260329_231938,1774844389373,frame,214,P1,normal,clean,0.5,,none,0.0,8263,0.8,none,no_command,,,,,,,,
20260329_231938,1774844389406,frame,215,P1,normal,clean,0.5,,none,0.0,8296,0.8,none,no_command,,,,,,,,
20260329_231938,1774844389435,frame,216,P1,normal,clean,0.5,,none,0.0,8325,0.8,none,no_command,,,,,,,,
20260329_231938,1774844389466,frame,217,P1,normal,clean,0.5,,none,0.0,8356,0.8,none,no_command,,,,,,,,
20260329_231938,1774844389498,frame,218,P1,normal,clean,0.5,,none,0.0,8388,0.8,none,no_command,,,,,,,,
20260329_231938,1774844389529,frame,219,P1,normal,clean,0.5,,none,0.0,8419,0.8,none,no_command,,,,,,,,
20260329_231938,1774844389560,frame,220,P1,normal,clean,0.5,,none,0.0,8450,0.8,none,no_command,,,,,,,,
20260329_231938,1774844389592,frame,221,P1,normal,clean,0.5,,none,0.0,8482,0.8,none,no_command,,,,,,,,
20260329_231938,1774844389623,frame,222,P1,normal,clean,0.5,,none,0.0,8513,0.8,none,no_command,,,,,,,,
20260329_231938,1774844389654,frame,223,P1,normal,clean,0.5,,none,0.0,8544,0.8,none,no_command,,,,,,,,
20260329_231938,1774844389686,frame,224,P1,normal,clean,0.5,,none,0.0,8576,0.8,none,no_command,,,,,,,,
20260329_231938,1774844389716,frame,225,P1,normal,clean,0.5,,none,0.0,8606,0.8,none,no_command,,,,,,,,
20260329_231938,1774844389762,frame,226,P1,normal,clean,0.5,,none,0.0,8652,0.8,none,no_command,,,,,,,,
20260329_231938,1774844389794,frame,227,P1,normal,clean,0.5,,none,0.0,8684,0.8,none,no_command,,,,,,,,
20260329_231938,1774844389826,frame,228,P1,normal,clean,0.5,,none,0.0,8716,0.8,none,no_command,,,,,,,,
20260329_231938,1774844389858,frame,229,P1,normal,clean,0.5,,none,0.0,8748,0.8,none,no_command,,,,,,,,
20260329_231938,1774844389888,frame,230,P1,normal,clean,0.5,,none,0.0,8778,0.8,none,no_command,,,,,,,,
20260329_231938,1774844389920,frame,231,P1,normal,clean,0.5,,none,0.0,8810,0.8,none,no_command,,,,,,,,
20260329_231938,1774844389965,frame,232,P1,normal,clean,0.5,,none,0.0,8855,0.8,none,no_command,,,,,,,,
20260329_231938,1774844389996,frame,233,P1,normal,clean,0.5,,none,0.0,8886,0.8,none,no_command,,,,,,,,
20260329_231938,1774844390026,frame,234,P1,normal,clean,0.5,,none,0.0,8916,0.8,none,no_command,,,,,,,,
20260329_231938,1774844390063,frame,235,P1,normal,clean,0.5,,none,0.0,8953,0.8,none,no_command,,,,,,,,
20260329_231938,1774844390088,frame,236,P1,normal,clean,0.5,,none,0.0,8978,0.8,none,no_command,,,,,,,,
20260329_231938,1774844390119,frame,237,P1,normal,clean,0.5,,none,0.0,9009,0.8,none,no_command,,,,,,,,
20260329_231938,1774844390167,frame,238,P1,normal,clean,0.5,,none,0.0,9057,0.8,none,no_command,,,,,,,,
20260329_231938,1774844390198,frame,239,P1,normal,clean,0.5,,none,0.0,9088,0.8,none,no_command,,,,,,,,
20260329_231938,1774844390230,frame,240,P1,normal,clean,0.5,,none,0.0,9120,0.8,none,no_command,,,,,,,,
20260329_231938,1774844390261,frame,241,P1,normal,clean,0.5,,none,0.0,9151,0.8,none,no_command,,,,,,,,
20260329_231938,1774844390293,frame,242,P1,normal,clean,0.5,,none,0.0,9183,0.8,none,no_command,,,,,,,,
20260329_231938,1774844390323,frame,243,P1,normal,clean,0.5,,none,0.0,9213,0.8,none,no_command,,,,,,,,
20260329_231938,1774844390355,frame,244,P1,normal,clean,0.5,,none,0.0,9245,0.8,none,no_command,,,,,,,,
20260329_231938,1774844390385,frame,245,P1,normal,clean,0.5,,none,0.0,9275,0.8,none,no_command,,,,,,,,
20260329_231938,1774844390417,frame,246,P1,normal,clean,0.5,,none,0.0,9307,0.8,none,no_command,,,,,,,,
20260329_231938,1774844390462,frame,247,P1,normal,clean,0.5,,none,0.0,9352,0.8,none,no_command,,,,,,,,
20260329_231938,1774844390493,frame,248,P1,normal,clean,0.5,,none,0.0,9383,0.8,none,no_command,,,,,,,,
20260329_231938,1774844390524,frame,249,P1,normal,clean,0.5,,none,0.0,9414,0.8,none,no_command,,,,,,,,
20260329_231938,1774844390569,frame,250,P1,normal,clean,0.5,,none,0.0,9459,0.8,none,no_command,,,,,,,,
20260329_231938,1774844390600,frame,251,P1,normal,clean,0.5,,none,0.0,9490,0.8,none,no_command,,,,,,,,
20260329_231938,1774844390631,frame,252,P1,normal,clean,0.5,,none,0.0,9521,0.8,none,no_command,,,,,,,,
20260329_231938,1774844390662,frame,253,P1,normal,clean,0.5,,none,0.0,9552,0.8,none,no_command,,,,,,,,
20260329_231938,1774844390693,frame,254,P1,normal,clean,0.5,,none,0.0,9583,0.8,none,no_command,,,,,,,,
20260329_231938,1774844390725,frame,255,P1,normal,clean,0.5,,none,0.0,9615,0.8,none,no_command,,,,,,,,
20260329_231938,1774844390756,frame,256,P1,normal,clean,0.5,,none,0.0,9646,0.8,none,no_command,,,,,,,,
20260329_231938,1774844390787,frame,257,P1,normal,clean,0.5,,none,0.0,9677,0.8,none,no_command,,,,,,,,
20260329_231938,1774844390818,frame,258,P1,normal,clean,0.5,,none,0.0,9708,0.8,none,no_command,,,,,,,,
20260329_231938,1774844390850,frame,259,P1,normal,clean,0.5,,none,0.0,9740,0.8,none,no_command,,,,,,,,
20260329_231938,1774844390881,frame,260,P1,normal,clean,0.5,,none,0.0,9771,0.8,none,no_command,,,,,,,,
20260329_231938,1774844390912,frame,261,P1,normal,clean,0.5,,none,0.0,9802,0.8,none,no_command,,,,,,,,
20260329_231938,1774844390960,frame,262,P1,normal,clean,0.5,,none,0.0,9850,0.8,none,no_command,,,,,,,,
20260329_231938,1774844390992,frame,263,P1,normal,clean,0.5,,none,0.0,9882,0.8,none,no_command,,,,,,,,
20260329_231938,1774844391038,frame,264,P1,normal,clean,0.5,,none,0.0,9928,0.8,none,no_command,,,,,,,,
20260329_231938,1774844391070,frame,265,P1,normal,clean,0.5,,none,0.0,9960,0.8,none,no_command,,,,,,,,
20260329_231938,1774844391101,frame,266,P1,normal,clean,0.5,,none,0.0,9991,0.8,none,no_command,,,,,,,,
20260329_231938,1774844391132,frame,267,P1,normal,clean,0.5,,none,0.0,10022,0.8,none,no_command,,,,,,,,
20260329_231938,1774844391163,frame,268,P1,normal,clean,0.5,,none,0.0,10053,0.8,none,no_command,,,,,,,,
20260329_231938,1774844391195,frame,269,P1,normal,clean,0.5,,none,0.0,10085,0.8,none,no_command,,,,,,,,
20260329_231938,1774844391227,frame,270,P1,normal,clean,0.5,,none,0.0,10117,0.8,none,no_command,,,,,,,,
20260329_231938,1774844391257,frame,271,P1,normal,clean,0.5,,none,0.0,10147,0.8,none,no_command,,,,,,,,
20260329_231938,1774844391289,frame,272,P1,normal,clean,0.5,,none,0.0,10179,0.8,none,no_command,,,,,,,,
20260329_231938,1774844391320,frame,273,P1,normal,clean,0.5,,none,0.0,10210,0.8,none,no_command,,,,,,,,
20260329_231938,1774844391366,frame,274,P1,normal,clean,0.5,,none,0.0,10256,0.8,none,no_command,,,,,,,,
20260329_231938,1774844391397,frame,275,P1,normal,clean,0.5,,none,0.0,10287,0.8,none,no_command,,,,,,,,
20260329_231938,1774844391428,frame,276,P1,normal,clean,0.5,,none,0.0,10318,0.8,none,no_command,,,,,,,,
20260329_231938,1774844391461,frame,277,P1,normal,clean,0.5,,none,0.0,10351,0.8,none,no_command,,,,,,,,
20260329_231938,1774844391492,frame,278,P1,normal,clean,0.5,,none,0.0,10382,0.8,none,no_command,,,,,,,,
20260329_231938,1774844391537,frame,279,P1,normal,clean,0.5,,none,0.0,10427,0.8,none,no_command,,,,,,,,
20260329_231938,1774844391568,frame,280,P1,normal,clean,0.5,,none,0.0,10458,0.8,none,no_command,,,,,,,,
20260329_231938,1774844391599,frame,281,P1,normal,clean,0.5,,none,0.0,10489,0.8,none,no_command,,,,,,,,
20260329_231938,1774844391631,frame,282,P1,normal,clean,0.5,,none,0.0,10521,0.8,none,no_command,,,,,,,,
20260329_231938,1774844391659,frame,283,P1,normal,clean,0.5,,none,0.0,10549,0.8,none,no_command,,,,,,,,
20260329_231938,1774844391690,frame,284,P1,normal,clean,0.5,,none,0.0,10580,0.8,none,no_command,,,,,,,,
20260329_231938,1774844391721,frame,285,P1,normal,clean,0.5,,none,0.0,10611,0.8,none,no_command,,,,,,,,
20260329_231938,1774844391768,frame,286,P1,normal,clean,0.5,,none,0.0,10658,0.8,none,no_command,,,,,,,,
20260329_231938,1774844391799,frame,287,P1,normal,clean,0.5,,none,0.0,10689,0.8,none,no_command,,,,,,,,
20260329_231938,1774844391830,frame,288,P1,normal,clean,0.5,,none,0.0,10720,0.8,none,no_command,,,,,,,,
20260329_231938,1774844391862,frame,289,P1,normal,clean,0.5,,none,0.0,10752,0.8,none,no_command,,,,,,,,
20260329_231938,1774844391893,frame,290,P1,normal,clean,0.5,,none,0.0,10783,0.8,none,no_command,,,,,,,,
20260329_231938,1774844391924,frame,291,P1,normal,clean,0.5,,none,0.0,10814,0.8,none,no_command,,,,,,,,
20260329_231938,1774844391954,frame,292,P1,normal,clean,0.5,,none,0.0,10844,0.8,none,no_command,,,,,,,,
20260329_231938,1774844391986,frame,293,P1,normal,clean,0.5,,none,0.0,10876,0.8,none,no_command,,,,,,,,
20260329_231938,1774844392032,frame,294,P1,normal,clean,0.5,,none,0.0,10922,0.8,none,no_command,,,,,,,,
20260329_231938,1774844392063,frame,295,P1,normal,clean,0.5,,none,0.0,10953,0.8,none,no_command,,,,,,,,
20260329_231938,1774844392095,frame,296,P1,normal,clean,0.5,,none,0.0,10985,0.8,none,no_command,,,,,,,,
20260329_231938,1774844392126,frame,297,P1,normal,clean,0.5,,none,0.0,11016,0.8,none,no_command,,,,,,,,
20260329_231938,1774844392171,frame,298,P1,normal,clean,0.5,,none,0.0,11061,0.8,none,no_command,,,,,,,,
20260329_231938,1774844392202,frame,299,P1,normal,clean,0.5,,none,0.0,11092,0.8,none,no_command,,,,,,,,
20260329_231938,1774844392233,frame,300,P1,normal,clean,0.5,,none,0.0,11123,0.8,none,no_command,,,,,,,,
20260329_231938,1774844392265,frame,301,P1,normal,clean,0.5,,none,0.0,11155,0.8,none,no_command,,,,,,,,
20260329_231938,1774844392297,frame,302,P1,normal,clean,0.5,,none,0.0,11187,0.8,none,no_command,,,,,,,,
20260329_231938,1774844392328,frame,303,P1,normal,clean,0.5,,none,0.0,11218,0.8,none,no_command,,,,,,,,
20260329_231938,1774844392360,frame,304,P1,normal,clean,0.5,,none,0.0,11250,0.8,none,no_command,,,,,,,,
20260329_231938,1774844392392,frame,305,P1,normal,clean,0.5,,none,0.0,11282,0.8,none,no_command,,,,,,,,
20260329_231938,1774844392423,frame,306,P1,normal,clean,0.5,,none,0.0,11313,0.8,none,no_command,,,,,,,,
20260329_231938,1774844392455,frame,307,P1,normal,clean,0.5,,none,0.0,11345,0.8,none,no_command,,,,,,,,
20260329_231938,1774844392487,frame,308,P1,normal,clean,0.5,,none,0.0,11377,0.8,none,no_command,,,,,,,,
20260329_231938,1774844392519,frame,309,P1,normal,clean,0.5,,none,0.0,11409,0.8,none,no_command,,,,,,,,
20260329_231938,1774844392567,frame,310,P1,normal,clean,0.5,,none,0.0,11457,0.8,none,no_command,,,,,,,,
20260329_231938,1774844392599,frame,311,P1,normal,clean,0.5,,none,0.0,11489,0.8,none,no_command,,,,,,,,
20260329_231938,1774844392629,frame,312,P1,normal,clean,0.5,,none,0.0,11519,0.8,none,no_command,,,,,,,,
20260329_231938,1774844392658,frame,313,P1,normal,clean,0.5,,none,0.0,11548,0.8,none,no_command,,,,,,,,
20260329_231938,1774844392690,frame,314,P1,normal,clean,0.5,,none,0.0,11580,0.8,none,no_command,,,,,,,,
20260329_231938,1774844392722,frame,315,P1,normal,clean,0.5,,none,0.0,11612,0.8,none,no_command,,,,,,,,
20260329_231938,1774844392754,frame,316,P1,normal,clean,0.5,,none,0.0,11644,0.8,none,no_command,,,,,,,,
20260329_231938,1774844392785,frame,317,P1,normal,clean,0.5,,none,0.0,11675,0.8,none,no_command,,,,,,,,
20260329_231938,1774844392831,frame,318,P1,normal,clean,0.5,,none,0.0,11721,0.8,none,no_command,,,,,,,,
20260329_231938,1774844392862,frame,319,P1,normal,clean,0.5,,none,0.0,11752,0.8,none,no_command,,,,,,,,
20260329_231938,1774844392893,frame,320,P1,normal,clean,0.5,,none,0.0,11783,0.8,none,no_command,,,,,,,,
20260329_231938,1774844392924,frame,321,P1,normal,clean,0.5,,none,0.0,11814,0.8,none,no_command,,,,,,,,
20260329_231938,1774844392970,frame,322,P1,normal,clean,0.5,,none,0.0,11860,0.8,none,no_command,,,,,,,,
20260329_231938,1774844393001,frame,323,P1,normal,clean,0.5,,none,0.0,11891,0.8,none,no_command,,,,,,,,
20260329_231938,1774844393032,frame,324,P1,normal,clean,0.5,,none,0.0,11922,0.8,none,no_command,,,,,,,,
20260329_231938,1774844393062,frame,325,P1,normal,clean,0.5,,none,0.0,11952,0.8,none,no_command,,,,,,,,
20260329_231938,1774844393093,frame,326,P1,normal,clean,0.5,,none,0.0,11983,0.8,none,no_command,,,,,,,,
20260329_231938,1774844393125,frame,327,P1,normal,clean,0.5,,none,0.0,12015,0.8,none,no_command,,,,,,,,
20260329_231938,1774844393155,frame,328,P1,normal,clean,0.5,,none,0.0,12045,0.8,none,no_command,,,,,,,,
20260329_231938,1774844393185,frame,329,P1,normal,clean,0.5,,none,0.0,12075,0.8,none,no_command,,,,,,,,
20260329_231938,1774844393217,frame,330,P1,normal,clean,0.5,,none,0.0,12107,0.8,none,no_command,,,,,,,,
20260329_231938,1774844393248,frame,331,P1,normal,clean,0.5,,none,0.0,12138,0.8,none,no_command,,,,,,,,
20260329_231938,1774844393279,frame,332,P1,normal,clean,0.5,,none,0.0,12169,0.8,none,no_command,,,,,,,,
20260329_231938,1774844393326,frame,333,P1,normal,clean,0.5,,none,0.0,12216,0.8,none,no_command,,,,,,,,
20260329_231938,1774844393373,frame,334,P1,normal,clean,0.5,,none,0.0,12263,0.8,none,no_command,,,,,,,,
20260329_231938,1774844393405,frame,335,P1,normal,clean,0.5,,none,0.0,12295,0.8,none,no_command,,,,,,,,
20260329_231938,1774844393436,frame,336,P1,normal,clean,0.5,,none,0.0,12326,0.8,none,no_command,,,,,,,,
20260329_231938,1774844393466,frame,337,P1,normal,clean,0.5,,none,0.0,12356,0.8,none,no_command,,,,,,,,
20260329_231938,1774844393497,frame,338,P1,normal,clean,0.5,,none,0.0,12387,0.8,none,no_command,,,,,,,,
20260329_231938,1774844393529,frame,339,P1,normal,clean,0.5,,none,0.0,12419,0.8,none,no_command,,,,,,,,
20260329_231938,1774844393561,frame,340,P1,normal,clean,0.5,,none,0.0,12451,0.8,none,no_command,,,,,,,,
20260329_231938,1774844393592,frame,341,P1,normal,clean,0.5,,none,0.0,12482,0.8,none,no_command,,,,,,,,
20260329_231938,1774844393624,frame,342,P1,normal,clean,0.5,,none,0.0,12514,0.8,none,no_command,,,,,,,,
20260329_231938,1774844393654,frame,343,P1,normal,clean,0.5,,none,0.0,12544,0.8,none,no_command,,,,,,,,
20260329_231938,1774844393684,frame,344,P1,normal,clean,0.5,,none,0.0,12574,0.8,none,no_command,,,,,,,,
20260329_231938,1774844393716,frame,345,P1,normal,clean,0.5,,none,0.0,12606,0.8,none,no_command,,,,,,,,
20260329_231938,1774844393763,frame,346,P1,normal,clean,0.5,,none,0.0,12653,0.8,none,no_command,,,,,,,,
20260329_231938,1774844393794,frame,347,P1,normal,clean,0.5,,none,0.0,12684,0.8,none,no_command,,,,,,,,
20260329_231938,1774844393840,frame,348,P1,normal,clean,0.5,,none,0.0,12730,0.8,none,no_command,,,,,,,,
20260329_231938,1774844393872,frame,349,P1,normal,clean,0.5,,none,0.0,12762,0.8,none,no_command,,,,,,,,
20260329_231938,1774844393902,frame,350,P1,normal,clean,0.5,,none,0.0,12792,0.8,none,no_command,,,,,,,,
20260329_231938,1774844393934,frame,351,P1,normal,clean,0.5,,none,0.0,12824,0.8,none,no_command,,,,,,,,
20260329_231938,1774844393966,frame,352,P1,normal,clean,0.5,,none,0.0,12856,0.8,none,no_command,,,,,,,,
20260329_231938,1774844393997,frame,353,P1,normal,clean,0.5,,none,0.0,12887,0.8,none,no_command,,,,,,,,
20260329_231938,1774844394027,frame,354,P1,normal,clean,0.5,,none,0.0,12917,0.8,none,no_command,,,,,,,,
20260329_231938,1774844394058,frame,355,P1,normal,clean,0.5,,none,0.0,12948,0.8,none,no_command,,,,,,,,
20260329_231938,1774844394089,frame,356,P1,normal,clean,0.5,,none,0.0,12979,0.8,none,no_command,,,,,,,,
20260329_231938,1774844394119,frame,357,P1,normal,clean,0.5,,none,0.0,13009,0.8,none,no_command,,,,,,,,
20260329_231938,1774844394165,frame,358,P1,normal,clean,0.5,,none,0.0,13055,0.8,none,no_command,,,,,,,,
20260329_231938,1774844394195,frame,359,P1,normal,clean,0.5,,none,0.0,13085,0.8,none,no_command,,,,,,,,
20260329_231938,1774844394226,frame,360,P1,normal,clean,0.5,,none,0.0,13116,0.8,none,no_command,,,,,,,,
20260329_231938,1774844394257,frame,361,P1,normal,clean,0.5,,none,0.0,13147,0.8,none,no_command,,,,,,,,
20260329_231938,1774844394289,frame,362,P1,normal,clean,0.5,,none,0.0,13179,0.8,none,no_command,,,,,,,,
20260329_231938,1774844394337,frame,363,P1,normal,clean,0.5,,none,0.0,13227,0.8,none,no_command,,,,,,,,
20260329_231938,1774844394368,frame,364,P1,normal,clean,0.5,,none,0.0,13258,0.8,none,no_command,,,,,,,,
20260329_231938,1774844394399,frame,365,P1,normal,clean,0.5,,none,0.0,13289,0.8,none,no_command,,,,,,,,
20260329_231938,1774844394431,frame,366,P1,normal,clean,0.5,,none,0.0,13321,0.8,none,no_command,,,,,,,,
20260329_231938,1774844394462,frame,367,P1,normal,clean,0.5,,none,0.0,13352,0.8,none,no_command,,,,,,,,
20260329_231938,1774844394494,frame,368,P1,normal,clean,0.5,,none,0.0,13384,0.8,none,no_command,,,,,,,,
20260329_231938,1774844394525,frame,369,P1,normal,clean,0.5,,none,0.0,13415,0.8,none,no_command,,,,,,,,
20260329_231938,1774844394572,frame,370,P1,normal,clean,0.5,,none,0.0,13462,0.8,none,no_command,,,,,,,,
20260329_231938,1774844394602,frame,371,P1,normal,clean,0.5,,none,0.0,13492,0.8,none,no_command,,,,,,,,
20260329_231938,1774844394633,frame,372,P1,normal,clean,0.5,,none,0.0,13523,0.8,none,no_command,,,,,,,,
20260329_231938,1774844394664,frame,373,P1,normal,clean,0.5,,none,0.0,13554,0.8,none,no_command,,,,,,,,
20260329_231938,1774844394696,frame,374,P1,normal,clean,0.5,,none,0.0,13586,0.8,none,no_command,,,,,,,,
20260329_231938,1774844394726,frame,375,P1,normal,clean,0.5,,none,0.0,13616,0.8,none,no_command,,,,,,,,
20260329_231938,1774844394757,frame,376,P1,normal,clean,0.5,,none,0.0,13647,0.8,none,no_command,,,,,,,,
20260329_231938,1774844394788,frame,377,P1,normal,clean,0.5,,none,0.0,13678,0.8,none,no_command,,,,,,,,
20260329_231938,1774844394820,frame,378,P1,normal,clean,0.5,,none,0.0,13710,0.8,none,no_command,,,,,,,,
20260329_231938,1774844394850,frame,379,P1,normal,clean,0.5,,none,0.0,13740,0.8,none,no_command,,,,,,,,
20260329_231938,1774844394880,frame,380,P1,normal,clean,0.5,,none,0.0,13770,0.8,none,no_command,,,,,,,,
20260329_231938,1774844394926,frame,381,P1,normal,clean,0.5,,none,0.0,13816,0.8,none,no_command,,,,,,,,
20260329_231938,1774844394972,frame,382,P1,normal,clean,0.5,,none,0.0,13862,0.8,none,no_command,,,,,,,,
20260329_231938,1774844395003,frame,383,P1,normal,clean,0.5,,none,0.0,13893,0.8,none,no_command,,,,,,,,
20260329_231938,1774844395033,frame,384,P1,normal,clean,0.5,,none,0.0,13923,0.8,none,no_command,,,,,,,,
20260329_231938,1774844395064,frame,385,P1,normal,clean,0.5,,none,0.0,13954,0.8,none,no_command,,,,,,,,
20260329_231938,1774844395094,frame,386,P1,normal,clean,0.5,,none,0.0,13984,0.8,none,no_command,,,,,,,,
20260329_231938,1774844395126,frame,387,P1,normal,clean,0.5,,none,0.0,14016,0.8,none,no_command,,,,,,,,
20260329_231938,1774844395157,frame,388,P1,normal,clean,0.5,,none,0.0,14047,0.8,none,no_command,,,,,,,,
20260329_231938,1774844395188,frame,389,P1,normal,clean,0.5,,none,0.0,14078,0.8,none,no_command,,,,,,,,
20260329_231938,1774844395220,frame,390,P1,normal,clean,0.5,,none,0.0,14110,0.8,none,no_command,,,,,,,,
20260329_231938,1774844395251,frame,391,P1,normal,clean,0.5,,none,0.0,14141,0.8,none,no_command,,,,,,,,
20260329_231938,1774844395282,frame,392,P1,normal,clean,0.5,,none,0.0,14172,0.8,none,no_command,,,,,,,,
20260329_231938,1774844395313,frame,393,P1,normal,clean,0.5,,none,0.0,14203,0.8,none,no_command,,,,,,,,
20260329_231938,1774844395360,frame,394,P1,normal,clean,0.5,,none,0.0,14250,0.8,none,no_command,,,,,,,,
20260329_231938,1774844395406,frame,395,P1,normal,clean,0.5,,none,0.0,14296,0.8,none,no_command,,,,,,,,
20260329_231938,1774844395437,frame,396,P1,normal,clean,0.5,,none,0.0,14327,0.8,none,no_command,,,,,,,,
20260329_231938,1774844395467,frame,397,P1,normal,clean,0.5,,none,0.0,14357,0.8,none,no_command,,,,,,,,
20260329_231938,1774844395498,frame,398,P1,normal,clean,0.5,,none,0.0,14388,0.8,none,no_command,,,,,,,,
20260329_231938,1774844395529,frame,399,P1,normal,clean,0.5,,none,0.0,14419,0.8,none,no_command,,,,,,,,
20260329_231938,1774844395561,frame,400,P1,normal,clean,0.5,,none,0.0,14451,0.8,none,no_command,,,,,,,,
20260329_231938,1774844395594,frame,401,P1,normal,clean,0.5,,none,0.0,14484,0.8,none,no_command,,,,,,,,
20260329_231938,1774844395624,frame,402,P1,normal,clean,0.5,,none,0.0,14514,0.8,none,no_command,,,,,,,,
20260329_231938,1774844395654,frame,403,P1,normal,clean,0.5,,none,0.0,14544,0.8,none,no_command,,,,,,,,
20260329_231938,1774844395686,frame,404,P1,normal,clean,0.5,,none,0.0,14576,0.8,none,no_command,,,,,,,,
20260329_231938,1774844395717,frame,405,P1,normal,clean,0.5,,none,0.0,14607,0.8,none,no_command,,,,,,,,
20260329_231938,1774844395764,frame,406,P1,normal,clean,0.5,,none,0.0,14654,0.8,none,no_command,,,,,,,,
20260329_231938,1774844395795,frame,407,P1,normal,clean,0.5,,none,0.0,14685,0.8,none,no_command,,,,,,,,
20260329_231938,1774844395827,frame,408,P1,normal,clean,0.5,,none,0.0,14717,0.8,none,no_command,,,,,,,,
20260329_231938,1774844395858,frame,409,P1,normal,clean,0.5,,none,0.0,14748,0.8,none,no_command,,,,,,,,
20260329_231938,1774844395889,frame,410,P1,normal,clean,0.5,,none,0.0,14779,0.8,none,no_command,,,,,,,,
20260329_231938,1774844395936,frame,411,P1,normal,clean,0.5,,none,0.0,14826,0.8,none,no_command,,,,,,,,
20260329_231938,1774844395968,frame,412,P1,normal,clean,0.5,,none,0.0,14858,0.8,none,no_command,,,,,,,,
20260329_231938,1774844396000,frame,413,P1,normal,clean,0.5,,none,0.0,14890,0.8,none,no_command,,,,,,,,
20260329_231938,1774844396031,frame,414,P1,normal,clean,0.5,,none,0.0,14921,0.8,none,no_command,,,,,,,,
20260329_231938,1774844396063,frame,415,P1,normal,clean,0.5,,none,0.0,14953,0.8,none,no_command,,,,,,,,
20260329_231938,1774844396094,frame,416,P1,normal,clean,0.5,,none,0.0,14984,0.8,none,no_command,,,,,,,,
20260329_231938,1774844396126,frame,417,P1,normal,clean,0.5,,none,0.0,15016,0.8,none,no_command,,,,,,,,
20260329_231938,1774844396173,frame,418,P1,normal,clean,0.5,,none,0.0,15063,0.8,none,no_command,,,,,,,,
20260329_231938,1774844396204,frame,419,P1,normal,clean,0.5,,none,0.0,15094,0.8,none,no_command,,,,,,,,
20260329_231938,1774844396237,frame,420,P1,normal,clean,0.5,,none,0.0,15127,0.8,none,no_command,,,,,,,,
20260329_231938,1774844396268,frame,421,P1,normal,clean,0.5,,none,0.0,15158,0.8,none,no_command,,,,,,,,
20260329_231938,1774844396299,frame,422,P1,normal,clean,0.5,,none,0.0,15189,0.8,none,no_command,,,,,,,,
20260329_231938,1774844396330,frame,423,P1,normal,clean,0.5,,none,0.0,15220,0.8,none,no_command,,,,,,,,
20260329_231938,1774844396361,frame,424,P1,normal,clean,0.5,,none,0.0,15251,0.8,none,no_command,,,,,,,,
20260329_231938,1774844396393,frame,425,P1,normal,clean,0.5,,none,0.0,15283,0.8,none,no_command,,,,,,,,
20260329_231938,1774844396424,frame,426,P1,normal,clean,0.5,,none,0.0,15314,0.8,none,no_command,,,,,,,,
20260329_231938,1774844396455,frame,427,P1,normal,clean,0.5,,none,0.0,15345,0.8,none,no_command,,,,,,,,
20260329_231938,1774844396487,frame,428,P1,normal,clean,0.5,,none,0.0,15377,0.8,none,no_command,,,,,,,,
20260329_231938,1774844396518,frame,429,P1,normal,clean,0.5,,none,0.0,15408,0.8,none,no_command,,,,,,,,
20260329_231938,1774844396565,frame,430,P1,normal,clean,0.5,,none,0.0,15455,0.8,none,no_command,,,,,,,,
20260329_231938,1774844396596,frame,431,P1,normal,clean,0.5,,none,0.0,15486,0.8,none,no_command,,,,,,,,
20260329_231938,1774844396627,frame,432,P1,normal,clean,0.5,,none,0.0,15517,0.8,none,no_command,,,,,,,,
20260329_231938,1774844396659,frame,433,P1,normal,clean,0.5,,none,0.0,15549,0.8,none,no_command,,,,,,,,
20260329_231938,1774844396689,frame,434,P1,normal,clean,0.5,,none,0.0,15579,0.8,none,no_command,,,,,,,,
20260329_231938,1774844396720,frame,435,P1,normal,clean,0.5,,none,0.0,15610,0.8,none,no_command,,,,,,,,
20260329_231938,1774844396767,frame,436,P1,normal,clean,0.5,,none,0.0,15657,0.8,none,no_command,,,,,,,,
20260329_231938,1774844396797,frame,437,P1,normal,clean,0.5,,none,0.0,15687,0.8,none,no_command,,,,,,,,
20260329_231938,1774844396828,frame,438,P1,normal,clean,0.5,,none,0.0,15718,0.8,none,no_command,,,,,,,,
20260329_231938,1774844396858,frame,439,P1,normal,clean,0.5,,none,0.0,15748,0.8,none,no_command,,,,,,,,
20260329_231938,1774844396889,frame,440,P1,normal,clean,0.5,,none,0.0,15779,0.8,none,no_command,,,,,,,,
20260329_231938,1774844396921,frame,441,P1,normal,clean,0.5,,none,0.0,15811,0.8,none,no_command,,,,,,,,
20260329_231938,1774844396967,frame,442,P1,normal,clean,0.5,,none,0.0,15857,0.8,none,no_command,,,,,,,,
20260329_231938,1774844396998,frame,443,P1,normal,clean,0.5,,none,0.0,15888,0.8,none,no_command,,,,,,,,
20260329_231938,1774844397031,frame,444,P1,normal,clean,0.5,,none,0.0,15921,0.8,none,no_command,,,,,,,,
20260329_231938,1774844397063,frame,445,P1,normal,clean,0.5,,none,0.0,15953,0.8,none,no_command,,,,,,,,
20260329_231938,1774844397094,frame,446,P1,normal,clean,0.5,,none,0.0,15984,0.8,none,no_command,,,,,,,,
20260329_231938,1774844397124,frame,447,P1,normal,clean,0.5,,none,0.0,16014,0.8,none,no_command,,,,,,,,
20260329_231938,1774844397154,frame,448,P1,normal,clean,0.5,,none,0.0,16044,0.8,none,no_command,,,,,,,,
20260329_231938,1774844397185,frame,449,P1,normal,clean,0.5,,none,0.0,16075,0.8,none,no_command,,,,,,,,
20260329_231938,1774844397231,frame,450,P1,normal,clean,0.5,,none,0.0,16121,0.8,none,no_command,,,,,,,,
20260329_231938,1774844397263,frame,451,P1,normal,clean,0.5,,none,0.0,16153,0.8,none,no_command,,,,,,,,
20260329_231938,1774844397294,frame,452,P1,normal,clean,0.5,,none,0.0,16184,0.8,none,no_command,,,,,,,,
20260329_231938,1774844397324,frame,453,P1,normal,clean,0.5,,none,0.0,16214,0.8,none,no_command,,,,,,,,
20260329_231938,1774844397370,frame,454,P1,normal,clean,0.5,,none,0.0,16260,0.8,none,no_command,,,,,,,,
20260329_231938,1774844397402,frame,455,P1,normal,clean,0.5,,none,0.0,16292,0.8,none,no_command,,,,,,,,
20260329_231938,1774844397434,frame,456,P1,normal,clean,0.5,,none,0.0,16324,0.8,none,no_command,,,,,,,,
20260329_231938,1774844397465,frame,457,P1,normal,clean,0.5,,none,0.0,16355,0.8,none,no_command,,,,,,,,
20260329_231938,1774844397495,frame,458,P1,normal,clean,0.5,,none,0.0,16385,0.8,none,no_command,,,,,,,,
20260329_231938,1774844397527,frame,459,P1,normal,clean,0.5,,none,0.0,16417,0.8,none,no_command,,,,,,,,
20260329_231938,1774844397558,frame,460,P1,normal,clean,0.5,,none,0.0,16448,0.8,none,no_command,,,,,,,,
20260329_231938,1774844397590,frame,461,P1,normal,clean,0.5,,none,0.0,16480,0.8,none,no_command,,,,,,,,
20260329_231938,1774844397621,frame,462,P1,normal,clean,0.5,,none,0.0,16511,0.8,none,no_command,,,,,,,,
20260329_231938,1774844397651,frame,463,P1,normal,clean,0.5,,none,0.0,16541,0.8,none,no_command,,,,,,,,
20260329_231938,1774844397682,frame,464,P1,normal,clean,0.5,,none,0.0,16572,0.8,none,no_command,,,,,,,,
20260329_231938,1774844397714,frame,465,P1,normal,clean,0.5,,none,0.0,16604,0.8,none,no_command,,,,,,,,
20260329_231938,1774844397761,frame,466,P1,normal,clean,0.5,,none,0.0,16651,0.8,none,no_command,,,,,,,,
20260329_231938,1774844397793,frame,467,P1,normal,clean,0.5,,none,0.0,16683,0.8,none,no_command,,,,,,,,
20260329_231938,1774844397839,frame,468,P1,normal,clean,0.5,,none,0.0,16729,0.8,none,no_command,,,,,,,,
20260329_231938,1774844397870,frame,469,P1,normal,clean,0.5,,none,0.0,16760,0.8,none,no_command,,,,,,,,
20260329_231938,1774844397902,frame,470,P1,normal,clean,0.5,,none,0.0,16792,0.8,none,no_command,,,,,,,,
20260329_231938,1774844397933,frame,471,P1,normal,clean,0.5,,none,0.0,16823,0.8,none,no_command,,,,,,,,
20260329_231938,1774844397965,frame,472,P1,normal,clean,0.5,,none,0.0,16855,0.8,none,no_command,,,,,,,,
20260329_231938,1774844397997,frame,473,P1,normal,clean,0.5,,none,0.0,16887,0.8,none,no_command,,,,,,,,
20260329_231938,1774844398028,frame,474,P1,normal,clean,0.5,,none,0.0,16918,0.8,none,no_command,,,,,,,,
20260329_231938,1774844398059,frame,475,P1,normal,clean,0.5,,none,0.0,16949,0.8,none,no_command,,,,,,,,
20260329_231938,1774844398092,frame,476,P1,normal,clean,0.5,,none,0.0,16982,0.8,none,no_command,,,,,,,,
20260329_231938,1774844398123,frame,477,P1,normal,clean,0.5,,none,0.0,17013,0.8,none,no_command,,,,,,,,
20260329_231938,1774844398172,frame,478,P1,normal,clean,0.5,,none,0.0,17062,0.8,none,no_command,,,,,,,,
20260329_231938,1774844398202,frame,479,P1,normal,clean,0.5,,none,0.0,17092,0.8,none,no_command,,,,,,,,
20260329_231938,1774844398233,frame,480,P1,normal,clean,0.5,,none,0.0,17123,0.8,none,no_command,,,,,,,,
20260329_231938,1774844398263,frame,481,P1,normal,clean,0.5,,none,0.0,17153,0.8,none,no_command,,,,,,,,
20260329_231938,1774844398294,frame,482,P1,normal,clean,0.5,,none,0.0,17184,0.8,none,no_command,,,,,,,,
20260329_231938,1774844398325,frame,483,P1,normal,clean,0.5,,none,0.0,17215,0.8,none,no_command,,,,,,,,
20260329_231938,1774844398356,frame,484,P1,normal,clean,0.5,,none,0.0,17246,0.8,none,no_command,,,,,,,,
20260329_231938,1774844398387,frame,485,P1,normal,clean,0.5,,none,0.0,17277,0.8,none,no_command,,,,,,,,
20260329_231938,1774844398419,frame,486,P1,normal,clean,0.5,,none,0.0,17309,0.8,none,no_command,,,,,,,,
20260329_231938,1774844398450,frame,487,P1,normal,clean,0.5,,none,0.0,17340,0.8,none,no_command,,,,,,,,
20260329_231938,1774844398481,frame,488,P1,normal,clean,0.5,,none,0.0,17371,0.8,none,no_command,,,,,,,,
20260329_231938,1774844398528,frame,489,P1,normal,clean,0.5,,none,0.0,17418,0.8,none,no_command,,,,,,,,
20260329_231938,1774844398574,frame,490,P1,normal,clean,0.5,,none,0.0,17464,0.8,none,no_command,,,,,,,,
20260329_231938,1774844398606,frame,491,P1,normal,clean,0.5,,none,0.0,17496,0.8,none,no_command,,,,,,,,
20260329_231938,1774844398636,frame,492,P1,normal,clean,0.5,,none,0.0,17526,0.8,none,no_command,,,,,,,,
20260329_231938,1774844398668,frame,493,P1,normal,clean,0.5,,none,0.0,17558,0.8,none,no_command,,,,,,,,
20260329_231938,1774844398699,frame,494,P1,normal,clean,0.5,,none,0.0,17589,0.8,none,no_command,,,,,,,,
20260329_231938,1774844398730,frame,495,P1,normal,clean,0.5,,none,0.0,17620,0.8,none,no_command,,,,,,,,
20260329_231938,1774844398761,frame,496,P1,normal,clean,0.5,,none,0.0,17651,0.8,none,no_command,,,,,,,,
20260329_231938,1774844398793,frame,497,P1,normal,clean,0.5,,none,0.0,17683,0.8,none,no_command,,,,,,,,
20260329_231938,1774844398824,frame,498,P1,normal,clean,0.5,,none,0.0,17714,0.8,none,no_command,,,,,,,,
20260329_231938,1774844398855,frame,499,P1,normal,clean,0.5,,none,0.0,17745,0.8,none,no_command,,,,,,,,
20260329_231938,1774844398885,frame,500,P1,normal,clean,0.5,,none,0.0,17775,0.8,none,no_command,,,,,,,,
20260329_231938,1774844398916,frame,501,P1,normal,clean,0.5,,none,0.0,17806,0.8,none,no_command,,,,,,,,
20260329_231938,1774844398963,frame,502,P1,normal,clean,0.5,,none,0.0,17853,0.8,none,no_command,,,,,,,,
20260329_231938,1774844398993,frame,503,P1,normal,clean,0.5,,none,0.0,17883,0.8,none,no_command,,,,,,,,
20260329_231938,1774844399024,frame,504,P1,normal,clean,0.5,,none,0.0,17914,0.8,none,no_command,,,,,,,,
20260329_231938,1774844399056,frame,505,P1,normal,clean,0.5,,none,0.0,17946,0.8,none,no_command,,,,,,,,
20260329_231938,1774844399088,frame,506,P1,normal,clean,0.5,,none,0.0,17978,0.8,none,no_command,,,,,,,,
20260329_231938,1774844399120,frame,507,P1,normal,clean,0.5,,none,0.0,18010,0.8,none,no_command,,,,,,,,
20260329_231938,1774844399168,frame,508,P1,normal,clean,0.5,,none,0.0,18058,0.8,none,no_command,,,,,,,,
20260329_231938,1774844399184,frame,509,P1,normal,clean,0.5,,none,0.0,18074,0.8,none,no_command,,,,,,,,
20260329_231938,1774844399229,frame,510,P1,normal,clean,0.5,,none,0.0,18119,0.8,none,no_command,,,,,,,,
20260329_231938,1774844399260,frame,511,P1,normal,clean,0.5,,none,0.0,18150,0.8,none,no_command,,,,,,,,
20260329_231938,1774844399291,frame,512,P1,normal,clean,0.5,,none,0.0,18181,0.8,none,no_command,,,,,,,,
20260329_231938,1774844399322,frame,513,P1,normal,clean,0.5,,none,0.0,18212,0.8,none,no_command,,,,,,,,
20260329_231938,1774844399369,frame,514,P1,normal,clean,0.5,,none,0.0,18259,0.8,none,no_command,,,,,,,,
20260329_231938,1774844399401,frame,515,P1,normal,clean,0.5,,none,0.0,18291,0.8,none,no_command,,,,,,,,
20260329_231938,1774844399431,frame,516,P1,normal,clean,0.5,,none,0.0,18321,0.8,none,no_command,,,,,,,,
20260329_231938,1774844399461,frame,517,P1,normal,clean,0.5,,none,0.0,18351,0.8,none,no_command,,,,,,,,
20260329_231938,1774844399492,frame,518,P1,normal,clean,0.5,,none,0.0,18382,0.8,none,no_command,,,,,,,,
20260329_231938,1774844399523,frame,519,P1,normal,clean,0.5,,none,0.0,18413,0.8,none,no_command,,,,,,,,
20260329_231938,1774844399553,frame,520,P1,normal,clean,0.5,,none,0.0,18443,0.8,none,no_command,,,,,,,,
20260329_231938,1774844399584,frame,521,P1,normal,clean,0.5,,none,0.0,18474,0.8,none,no_command,,,,,,,,
20260329_231938,1774844399631,frame,522,P1,normal,clean,0.5,,none,0.0,18521,0.8,none,no_command,,,,,,,,
20260329_231938,1774844399663,frame,523,P1,normal,clean,0.5,,none,0.0,18553,0.8,none,no_command,,,,,,,,
20260329_231938,1774844399694,frame,524,P1,normal,clean,0.5,,none,0.0,18584,0.8,none,no_command,,,,,,,,
20260329_231938,1774844399723,frame,525,P1,normal,clean,0.5,,none,0.0,18613,0.8,none,no_command,,,,,,,,
20260329_231938,1774844399770,frame,526,P1,normal,clean,0.5,,none,0.0,18660,0.8,none,no_command,,,,,,,,
20260329_231938,1774844399801,frame,527,P1,normal,clean,0.5,,none,0.0,18691,0.8,none,no_command,,,,,,,,
20260329_231938,1774844399833,frame,528,P1,normal,clean,0.5,,none,0.0,18723,0.8,none,no_command,,,,,,,,
20260329_231938,1774844399864,frame,529,P1,normal,clean,0.5,,none,0.0,18754,0.8,none,no_command,,,,,,,,
20260329_231938,1774844399895,frame,530,P1,normal,clean,0.5,,none,0.0,18785,0.8,none,no_command,,,,,,,,
20260329_231938,1774844399926,frame,531,P1,normal,clean,0.5,,none,0.0,18816,0.8,none,no_command,,,,,,,,
20260329_231938,1774844399959,frame,532,P1,normal,clean,0.5,,none,0.0,18849,0.8,none,no_command,,,,,,,,
20260329_231938,1774844399990,frame,533,P1,normal,clean,0.5,,none,0.0,18880,0.8,none,no_command,,,,,,,,
20260329_231938,1774844400020,frame,534,P1,normal,clean,0.5,,none,0.0,18910,0.8,none,no_command,,,,,,,,
20260329_231938,1774844400052,frame,535,P1,normal,clean,0.5,,none,0.0,18942,0.8,none,no_command,,,,,,,,
20260329_231938,1774844400083,frame,536,P1,normal,clean,0.5,,none,0.0,18973,0.8,none,no_command,,,,,,,,
20260329_231938,1774844400115,frame,537,P1,normal,clean,0.5,,none,0.0,19005,0.8,none,no_command,,,,,,,,
20260329_231938,1774844400162,frame,538,P1,normal,clean,0.5,,none,0.0,19052,0.8,none,no_command,,,,,,,,
20260329_231938,1774844400194,frame,539,P1,normal,clean,0.5,,none,0.0,19084,0.8,none,no_command,,,,,,,,
20260329_231938,1774844400225,frame,540,P1,normal,clean,0.5,,none,0.0,19115,0.8,none,no_command,,,,,,,,
20260329_231938,1774844400270,frame,541,P1,normal,clean,0.5,,none,0.0,19160,0.8,none,no_command,,,,,,,,
20260329_231938,1774844400301,frame,542,P1,normal,clean,0.5,,none,0.0,19191,0.8,none,no_command,,,,,,,,
20260329_231938,1774844400332,frame,543,P1,normal,clean,0.5,,none,0.0,19222,0.8,none,no_command,,,,,,,,
20260329_231938,1774844400363,frame,544,P1,normal,clean,0.5,,none,0.0,19253,0.8,none,no_command,,,,,,,,
20260329_231938,1774844400396,frame,545,P1,normal,clean,0.5,,none,0.0,19286,0.8,none,no_command,,,,,,,,
20260329_231938,1774844400427,frame,546,P1,normal,clean,0.5,,none,0.0,19317,0.8,none,no_command,,,,,,,,
20260329_231938,1774844400457,frame,547,P1,normal,clean,0.5,,none,0.0,19347,0.8,none,no_command,,,,,,,,
20260329_231938,1774844400488,frame,548,P1,normal,clean,0.5,,none,0.0,19378,0.8,none,no_command,,,,,,,,
20260329_231938,1774844400519,frame,549,P1,normal,clean,0.5,,none,0.0,19409,0.8,none,no_command,,,,,,,,
20260329_231938,1774844400565,frame,550,P1,normal,clean,0.5,,none,0.0,19455,0.8,none,no_command,,,,,,,,
20260329_231938,1774844400596,frame,551,P1,normal,clean,0.5,,none,0.0,19486,0.8,none,no_command,,,,,,,,
20260329_231938,1774844400627,frame,552,P1,normal,clean,0.5,,none,0.0,19517,0.8,none,no_command,,,,,,,,
20260329_231938,1774844400658,frame,553,P1,normal,clean,0.5,,none,0.0,19548,0.8,none,no_command,,,,,,,,
20260329_231938,1774844400689,frame,554,P1,normal,clean,0.5,,none,0.0,19579,0.8,none,no_command,,,,,,,,
20260329_231938,1774844400736,frame,555,P1,normal,clean,0.5,,none,0.0,19626,0.8,none,no_command,,,,,,,,
20260329_231938,1774844400766,frame,556,P1,normal,clean,0.5,,none,0.0,19656,0.8,none,no_command,,,,,,,,
20260329_231938,1774844400797,frame,557,P1,normal,clean,0.5,,none,0.0,19687,0.8,none,no_command,,,,,,,,
20260329_231938,1774844400828,frame,558,P1,normal,clean,0.5,,none,0.0,19718,0.8,none,no_command,,,,,,,,
20260329_231938,1774844400859,frame,559,P1,normal,clean,0.5,,none,0.0,19749,0.8,none,no_command,,,,,,,,
20260329_231938,1774844400891,frame,560,P1,normal,clean,0.5,,none,0.0,19781,0.8,none,no_command,,,,,,,,
20260329_231938,1774844400923,frame,561,P1,normal,clean,0.5,,none,0.0,19813,0.8,none,no_command,,,,,,,,
20260329_231938,1774844400970,frame,562,P1,normal,clean,0.5,,none,0.0,19860,0.8,none,no_command,,,,,,,,
20260329_231938,1774844401002,frame,563,P1,normal,clean,0.5,,none,0.0,19892,0.8,none,no_command,,,,,,,,
20260329_231938,1774844401032,frame,564,P1,normal,clean,0.5,,none,0.0,19922,0.8,none,no_command,,,,,,,,
20260329_231938,1774844401063,frame,565,P1,normal,clean,0.5,,none,0.0,19953,0.8,none,no_command,,,,,,,,
20260329_231938,1774844401093,frame,566,P1,normal,clean,0.5,,none,0.0,19983,0.8,none,no_command,,,,,,,,
20260329_231938,1774844401124,frame,567,P1,normal,clean,0.5,,none,0.0,20014,0.8,none,no_command,,,,,,,,
20260329_231938,1774844401156,frame,568,P1,normal,clean,0.5,,none,0.0,20046,0.8,none,no_command,,,,,,,,
20260329_231938,1774844401188,frame,569,P1,normal,clean,0.5,,none,0.0,20078,0.8,none,no_command,,,,,,,,
20260329_231938,1774844401219,frame,570,P1,normal,clean,0.5,,none,0.0,20109,0.8,none,no_command,,,,,,,,
20260329_231938,1774844401250,frame,571,P1,normal,clean,0.5,,none,0.0,20140,0.8,none,no_command,,,,,,,,
20260329_231938,1774844401282,frame,572,P1,normal,clean,0.5,,none,0.0,20172,0.8,none,no_command,,,,,,,,
20260329_231938,1774844401313,frame,573,P1,normal,clean,0.5,,none,0.0,20203,0.8,none,no_command,,,,,,,,
20260329_231938,1774844401374,frame,574,P1,normal,clean,0.5,,none,0.0,20264,0.8,none,no_command,,,,,,,,
20260329_231938,1774844401405,frame,575,P1,normal,clean,0.5,,none,0.0,20295,0.8,none,no_command,,,,,,,,
20260329_231938,1774844401436,frame,576,P1,normal,clean,0.5,,none,0.0,20326,0.8,none,no_command,,,,,,,,
